[
  {
    "Money": 20,
    "Type": "Money"
  },
  {
    "Type": "Weapon",
    "Deblocked": true,
    "Bullets": 0,
    "Magazines": 12,
    "Actual": false,
	"On panel": false,
    "Weapon": "Handgun"
  },
{
    "Type": "Weapon",
    "Deblocked": true,
    "Bullets": 2,
    "Magazines": 12,
    "Actual": false,
	"On panel": true,
    "Weapon": "Revolver"
  },
{
    "Type": "Weapon",
    "Deblocked": true,
    "Bullets": 2,
    "Magazines": 14,
    "Actual": true,
"On panel": true,
    "Weapon": "Sawed-off shotgun"
  },
  {
    "Type": "Weapon",
    "Deblocked": true,
    "Bullets": 6,
    "Magazines": 14,
    "Actual": false,
"On panel": false,
    "Weapon": "Shotgun"
  },  
 {
    "Type": "Weapon",
    "Deblocked": true,
    "Bullets": 1,
    "Magazines": 3,
    "Actual": false,
"On panel": false,
    "Weapon": "Hand grenade"
  },
  {
    "Type": "Weapon",
    "Deblocked": true,
    "Bullets": 30,
    "Magazines": 8,
    "Actual": false,
"On panel": true,
    "Weapon": "Submachine gun"
  },
{
    "Type": "Weapon",
    "Deblocked": true,
    "Bullets": 1,
    "Magazines": 2,
    "Actual": false,
"On panel": true,
    "Weapon": "Greenade launcher"
  },

  {
    "Type": "Medical kit",
    "Small": 3,
    "Medium": 2,
    "Large": 1,
    "Syringe": 1
  },
  {
    "Type": "Player parameters",
    "Main selected object": 70,
    "View direction": true,
    "Max life": 80,
    "Actual life": 80
  }
]